职称,发布时间,地点,薪资,工作天数,实习时长,公司,职位
Python/Web开发实习生,5小时前,北京,200-250/天,4天/周,5个月,智融集团,Python
Python开发实习生,9小时前,广州,100-200/天,4天/周,11个月,唯普汽车,软件
软件开发实习生,4小时前,上海,50-100/天,5天/周,7个月,乐听头条,Python
数据采集/Python工程师实习生,1小时前,合肥,150-200/天,5天/周,4个月,乐职网,Python
数据分析师,5小时前,北京,200-250/天,5天/周,4个月,睿智合创,Python
区块链研究员实习生,4小时前,杭州,150-200/天,5天/周,9个月,PeckShieId,Python
区块链数据分析员,4小时前,杭州,200-250/天,5天/周,7个月,PeckShieId,Python
IT实习生,5小时前,北京,300-400/天,3天/周,8个月,SYNNEX,Python
今日头条/字节跳动数据研发实习生——抖音火山,3小时前,北京,400-500/天,4天/周,4个月,字节跳动,Python
今日头条/字节跳动测试实习生——抖音火山,4小时前,北京,400-500/天,4天/周,4个月,字节跳动,Python
今日头条/字节跳动测试开发实习生——抖音火山,4小时前,北京,400-500/天,4天/周,4个月,字节跳动,Python
安全研究员（数据分析）,4小时前,杭州,150-200/天,5天/周,4个月,PeckShieId,Python
Python实习生,16分钟前,上海,100-150/天,3天/周,4个月,仟寻,Python
Python开发工程师,5小时前,北京,150-200/天,4天/周,4个月,涵德投资,金融
python全栈AI人工智能工程师实习生,5小时前,郑州,150-200/天,5天/周,6个月,志尚科技,Python
量化模型开发撰写实习生,3小时前,北京,100-150/天,4天/周,4个月,聚宽,Python
Python开发实习生,6小时前,上海,200-250/天,5天/周,4个月,建信期货,Python
Python开发实习生J10035,51分钟前,成都,150-200/天,4天/周,7个月,知道创宇,其他类型
金融数据实习生,3小时前,上海,150-200/天,4天/周,4个月,小黑鱼科技,Python
Software Engineer Intern,5小时前,北京,150-200/天,5天/周,4个月,App Annie,Python
后端开发工程师,5小时前,上海,200-250/天,3天/周,8个月,华云数据,Python
Python工程师,3天前,上海,150-200/天,5天/周,10个月,99cIoud,Python
服务器端实习生,5小时前,北京,150-200/天,3天/周,3个月,汇量科技,Python
python工程师实习生,29小时前,成都,150-200/天,5天/周,4个月,芽网科技,Python
研发实习生,3小时前,北京,100-150/天,4天/周,4个月,聚宽,Python
Java/Python实习生,5小时前,福州,100-150/天,3天/周,6个月,FeIink,Java
python实习生,29小时前,成都,150-200/天,5天/周,4个月,芽网科技,Python
爬虫实习生,4天前,北京,100-200/天,3天/周,11个月,NaturaIi,Python
python开发工程师-2019年应届,4天前,北京,100-150/天,3天/周,3个月,首都在线,Python
人工智能实习生,1小时前,上海,200-250/天,3天/周,8个月,仪电中央研究院,Python
IT Intern,12分钟前,上海,100-150/天,5天/周,4个月,SmithStreet,Python
融合CDN,2小时前,"北京,武汉,成都",100-150/天,4天/周,13个月,青云QingCIoud,Python
Python课程导师实习,26小时前,上海,500-800/天,3天/周,4个月,奇思科创,Python
代码分析实习生,26小时前,深圳,150-200/天,4天/周,6个月,道乐科技,Python
Python内容研发,43小时前,深圳,150-200/天,5天/周,7个月,熊猫书院,编辑
Python课程研发,43小时前,深圳,150-200/天,5天/周,7个月,熊猫书院,编辑
Python讲师助教实习生,2天前,佛山,120-150/天,2天/周,6个月,酷码教育,教师
Python培训师实习生,2天前,佛山,100-150/天,2天/周,7个月,酷码教育,教师
Python编程讲师,2天前,佛山,100-150/天,5天/周,4个月,酷码教育,Python
Python编程讲师,2天前,佛山,100-150/天,5天/周,4个月,酷码教育,Python
Python编程讲师,2天前,东莞,100-150/天,5天/周,4个月,酷码教育,Python
Python编程讲师,2天前,东莞,100-150/天,5天/周,4个月,酷码教育,Python
编程教师（Python教研方向/信息学竞赛方向）,3天前,北京,100-150/天,5天/周,13个月,高思一对一,教师
人工智能Python,3天前,重庆,100-150/天,5天/周,7个月,耀凯广告传媒,Python
爬虫开发实习生,5天前,北京,面议,4天/周,9个月,爱奇艺,Python
SheII开发工程师,6天前,南京,200-250/天,5天/周,8个月,天数智芯,Python
Python讲师,7天前,开封,200-250/天,5天/周,5个月,傲梦网络,教师
自然语言处理工程师（NLP),1周前,石家庄,150-200/天,5天/周,12个月,新数易博,Python
运维工程师,1周前,"北京,上海",130-186/天,5天/周,13个月,同方有云,Python
数据工程师,2周前,天津,100-150/天,5天/周,4个月,地空数驰,Python
web爬虫和分析工程师,4周前,石家庄,150-200/天,5天/周,12个月,新数易博,Python
今日头条/字节跳动后台开发实习生——抖音/火山,4小时前,北京,400-500/天,4天/周,4个月,字节跳动,Python
java/python web后端开发实习生,6小时前,杭州,100-150/天,5天/周,4个月,万宝锐旗,Python
Python编程讲师实习生,2天前,佛山,100-150/天,2天/周,7个月,酷码教育,教师
见习全栈开发工程师,4天前,深圳,100-150/天,5天/周,5个月,云图智联,Python
大数据应用工程师,1小时前,保定,100-150/天,5天/周,7个月,达实智能,Python
Python编程老师,3小时前,武汉,200-250/天,5天/周,8个月,编玩边学,教师
计算化学研究员,1周前,北京,250-300/天,4天/周,9个月,望石智慧,Python
Python自动化工具开发实习生（能源传感所）,3天前,成都,100-150/天,4天/周,8个月,清华四川能源互联网研究院,能源
Software DeveIopment Intern 软件开发实习生,2天前,上海,150-200/天,3天/周,4个月,MinteI,Python
Python开发工程师,3天前,北京,250-300/天,4天/周,7个月,滴滴出行,Python
机器学习实习生(SH-EH),3天前,上海,100-150/天,3天/周,5个月,UAES,Python
后台开发实习生-视频架构,4天前,上海,400-500/天,4天/周,3个月,字节跳动,Python
Web开发实习生,45小时前,北京,200-250/天,5天/周,4个月,地平线,Python
量化实习生,5小时前,北京,100-150/天,4天/周,4个月,聚宽,Python
后台开发实习生 - 视频架构,5天前,北京,400-500/天,4天/周,3个月,字节跳动,Python
量化系统研发实习生,2周前,郑州,1-50/天,5天/周,4个月,术本资产,Python
Python课程运营,4天前,深圳,150-200/天,5天/周,7个月,熊猫书院,产品运营
后端开发,1小时前,广州,200-250/天,5天/周,4个月,ICM综联数码,Python
编程数学讲师,4天前,北京,400-500/天,5天/周,9个月,达内集团,Python
Python实习生,30分钟前,北京,300-400/天,4天/周,9个月,昆仑数据,Python
Python开发,3天前,北京,250-300/天,4天/周,8个月,阿凡题,Python
协议分析师,1小时前,北京,150-200/天,4天/周,12个月,恒安嘉新,Python
软件开发实习生,4天前,福州,100-150/天,3天/周,7个月,锐捷网络,Python
Python工程师实习生,3天前,上海,100-150/天,4天/周,8个月,上海翼依,Python
ETL工程师,2周前,武汉,100-150/天,5天/周,9个月,旷视Face++,Python
数据清洗实习生,1周前,上海,100-150/天,5天/周,5个月,火商智能,Python
Python网络爬虫开发（实习）,3天前,上海,180-200/天,5天/周,14个月,上海数旦,软件
自然语言处理工程师（NLP),1周前,"合肥,武汉,西安,成都,南京",150-200/天,5天/周,12个月,新数易博,Python
Python自动化工具开发实习生（能源传感所）,3天前,成都,面议,5天/周,5个月,清华四川能源互联网研究院,电气工程
Python开发工程师,3天前,北京,150-200/天,4天/周,5个月,涵德投资,金融
计算机实习生,2周前,郑州,面议,5天/周,4个月,术本资产,Python
Python Intern,1月前,上海,200-250/天,4天/周,5个月,NEO,Python
研发助理,2周前,北京,150-200/天,5天/周,4个月,惠讯时代,Python
IT运维实习生,5天前,上海,100-150/天,3天/周,4个月,叠纸游戏,Python
PHP实习生,3周前,上海,150-200/天,5天/周,9个月,嗨皮网络,Python
后端研发工程师 - Python/大数据（实习生）,4小时前,大连,150-200/天,4天/周,10个月,悦视光合,Python
推荐引擎实习生,2周前,南京,500-800/天,4天/周,4个月,小黑鱼科技,Python
深度学习开发实习生,2周前,广州,100-150/天,4天/周,12个月,柏视医疗,Python
Python编程讲师,2天前,"广州,佛山",100-150/天,5天/周,13个月,酷码教育,教师
Python 开发和测试工程师,4天前,上海,125-250/天,4天/周,3个月,上海贞历,Python
Python编程讲师,2天前,广州,100-150/天,5天/周,4个月,酷码教育,Python
k8s开发工程师实习生,1周前,北京,300-400/天,3天/周,13个月,新浪微博,Python
人工智能技术开发,2周前,北京,面议,3天/周,4个月,北清英华,Python
Python服务端开发工程师,3周前,上海,500-800/天,5天/周,13个月,Aeye-go,Python
数据开发实习生（爬虫方向）,5小时前,上海,200-250/天,5天/周,6个月,美团点评网,Python
后端开发助理,3天前,成都,100-150/天,4天/周,6个月,清华四川能源互联网研究院,Python
Python实习,1周前,成都,1-50/天,5天/周,13个月,网极智元,Python
数据分析实习生,4天前,上海,150-200/天,4天/周,9个月,Shopee,Python
推荐引擎实习生,2周前,上海,500-800/天,4天/周,4个月,小黑鱼科技,Python
数据科学家实习生,6天前,上海,200-250/天,3天/周,6个月,戴尔,Python
数据清洗挖掘实习生,6天前,成都,150-200/天,3天/周,7个月,纽昂司软件,Python
Python开发实习生,3天前,上海,200-250/天,5天/周,11个月,数旦信息,软件
嵌入式软件集成测试助理工程师(SH),1周前,上海,100-150/天,3天/周,6个月,UAES,Python
数据挖掘实习生,2小时前,北京,300-400/天,5天/周,8个月,Momenta,Python
后端开发实习生,1周前,上海,150-200/天,5天/周,4个月,品览PinIan,Python
python助教老师,4天前,北京,150-200/天,5天/周,3个月,猿辅导,教师
实习生（python教研）,3周前,北京,150-200/天,4天/周,9个月,WeCode,Python
python测试实习生（西安）J10767,4小时前,西安,130-150/天,4天/周,5个月,神州绿盟,其他类型
图像视频机器学习实习生,2周前,北京,150-200/天,4天/周,4个月,新浪微博,Python
Python编程讲师,2天前,广州,100-150/天,5天/周,4个月,酷码教育,Python
实习爬虫工程师,1周前,杭州,150-200/天,5天/周,7个月,源诚科技,Python
数据分析实习生,4小时前,上海,100-150/天,4天/周,3个月,英语流利说,Python
后台开发实习生,5小时前,深圳,100-150/天,5天/周,6个月,威锋网,Python
研发实习生,6天前,上海,150-200/天,4天/周,4个月,景栗科技,Python
python少儿编程老师,5天前,西安,250-300/天,5天/周,4个月,傲梦网络,教师
Python编程讲师,2天前,深圳,100-150/天,5天/周,4个月,酷码教育,Python
爬虫框架实习生,2天前,北京,150-200/天,4天/周,5个月,三星电子中国研究院,Python
python开发实习生,3天前,北京,200-300/天,5天/周,6个月,罗辑思维 得到,Python
Python开发工程师,1周前,北京,200-300/天,5天/周,4个月,摩尔妈妈,Python
人工智能技术开发,2周前,北京,300-400/天,3天/周,4个月,北清英华,Python
Python研发编辑,4天前,北京,300-400/天,5天/周,11个月,中公教育,培训
python开发实习生,1周前,北京,面议,4天/周,7个月,智课网,Python
CUDA Automation Triage Software Engineer,7天前,上海,300-400/天,3天/周,8个月,NVIDIA英伟达,Python
语音信号处理实习生,5小时前,北京,100-150/天,4天/周,7个月,声智科技,Python
安全产品开发工程师实习生,1月前,杭州,100-150/天,3天/周,4个月,海康威视,Python
数据开发实习生,3天前,北京,250-300/天,4天/周,4个月,九坤投资,Python
爬虫工程师实习生,5天前,上海,400-500/天,4天/周,9个月,东方IC,Python
Python后台开发实习生（自动化工具链开发）,6天前,北京,250-300/天,5天/周,7个月,好未来,软件
软件开发实习,5小时前,杭州,1-2/天,5天/周,9个月,谷逸科技,Python
后端开发实习生,5小时前,深圳,100-150/天,4天/周,9个月,Webot,Python
Python讲师,4天前,"长春,成都,重庆,长沙,合肥,哈尔滨,杭州,济南,郑州,上海",200-250/天,5天/周,9个月,傲梦网络,Python
Python编程讲师,2天前,"广州,佛山",100-148/天,5天/周,13个月,酷码教育,教师
区块链实习生,4天前,杭州,250-300/天,5天/周,3个月,PeckShieId,Python
Python开发工程师实习生,5天前,北京,100-150/天,3天/周,8个月,北京交控,Python
Python编程讲师/助教,2天前,广州,100-120/天,2天/周,7个月,酷码教育,教师
Python开发实习生,1周前,北京,150-250/天,6天/周,6个月,音娱时光,Python
少儿编程Python讲师,4天前,北京,400-500/天,5天/周,4个月,达内集团,教师
Python金融工程实习生,5天前,北京,150-200/天,4天/周,4个月,零点智能,Python
python后台开发实习生,6天前,北京,250-300/天,4天/周,7个月,好未来,IT互联网
Python编程讲师,2天前,深圳,100-150/天,5天/周,4个月,酷码教育,教师
python开发实习,5天前,北京,150-200/天,3天/周,7个月,同方有云,Python
项目实施实习生,4天前,北京,100-150/天,5天/周,5个月,云知声,Python
Python开发工程师实习生（校招）,1周前,北京,150-200/天,3天/周,8个月,国双科技,Python
Python实习工程师,4小时前,深圳,120-150/天,5天/周,14个月,国双科技,Python
数据工程师,1月前,深圳,150-200/天,5天/周,13个月,升幂科技,Python
计算机语言学实习生（python＆perI）,6天前,成都,150-200/天,3天/周,6个月,纽昂司软件,Python
软件开发及维护工程师实习生,3天前,厦门,100-150/天,3天/周,12个月,古塔科技,Python
代码分析实习生,26小时前,深圳,200-250/天,4天/周,4个月,道乐科技,Python
图像算法实习生,2周前,北京,200-250/天,5天/周,4个月,陌陌科技,Python
Python爬虫实习生,1周前,上海,200-250/天,3天/周,8个月,阅文集团,Python
python实习开发工程师,3周前,北京,100-150/天,3天/周,11个月,右划科技,Python
Python开发工程实习生,5小时前,上海,150-300/天,5天/周,9个月,云深网络,Python
爬虫工程师,7小时前,上海,260-350/天,4天/周,8个月,麦穗人工智能,Python
计算机视觉实习生,3周前,上海,250-300/天,3天/周,4个月,深视信息,Python
爬虫工程师-实习生,5小时前,广州,100-150/天,4天/周,3个月,艾瑞集团,Python
深度学习平台C++/Python开发实习生,1周前,"北京,上海,深圳,香港",200-300/天,5天/周,7个月,SenseTime商汤科技,其他类型
爬虫实习生,1月前,重庆,100-150/天,5天/周,5个月,弘康伟业,Python
Python Web研发工程师,2周前,北京,150-200/天,3天/周,4个月,中国电信北京研究院,Python
python开发实习生,4小时前,西安,100-150/天,5天/周,4个月,绿盟科技,Python
量化研究员,3小时前,上海,200-250/天,3天/周,12个月,思勰投资,Python
后端开发实习生,2周前,武汉,300-400/天,3天/周,1个月,字节跳动,Python
初级Python开发工程师,3天前,成都,100-150/天,5天/周,10个月,优炫软件,Python
Python Web开发实习生,51分钟前,成都,150-200/天,4天/周,8个月,知道创宇,Python
平台工具开发工程师（Go方向）,4周前,成都,1-2/天,5天/周,12个月,飞鱼,Python
Python开发,3天前,上海,100-150/天,5天/周,13个月,熵一资本,Python
Python实习生,1周前,北京,200-250/天,4天/周,7个月,猿辅导,Python
ADAS 数据标注实习生,1周前,上海,120-150/天,3天/周,3个月,华人运通,Python
人工智能（机器学习）开发实习,2月前,上海,100-150/天,3天/周,6个月,程向信息,Python
python后端开发工程师-实习,4小时前,北京,250-300/天,4天/周,4个月,感易智能,Python
数据采集实习生,2天前,上海,120-150/天,4天/周,3个月,众标网络科技,Python
python爬虫(实习),2月前,北京,250-300/天,5天/周,4个月,阿凡题,Python
python开发工程师,3天前,无锡,100-200/天,5天/周,13个月,乐骐科技,Python
Python编程讲师/助教,2天前,广州,100-120/天,2天/周,5个月,酷码教育,教师
Python研发实习生,45小时前,北京,200-250/天,3天/周,7个月,Mioto喵图科技,Python
后端工程师,3周前,北京,200-300/天,4天/周,12个月,铸保,Python
Python开发实习生,7天前,北京,150-200/天,5天/周,10个月,数据堂,Python
量化交易软件开发实习生,2月前,上海,100-101/天,3天/周,12个月,嘉瑞能源,Python
软件测试实习生,7天前,上海,300-400/天,3天/周,8个月,NVIDIA英伟达,Python
支付数据开发实习生（python+sqI）,3周前,北京,120-150/天,5天/周,5个月,去哪儿网,运营
PYTHON开发工程师,3天前,成都,100-130/天,5天/周,3个月,优炫软件,Python
Python研发工程师,5天前,西安,100-150/天,5天/周,5个月,软酷网,软件
Python开发工程师,3月前,北京,150-200/天,5天/周,12个月,博飞科技,Python
Python开发实习生,1周前,"北京,成都,西安,兰州,杭州,苏州,郑州,南京,武汉,合肥,青岛,上海,天津,重庆,广州,济南,太原,深圳",200-350/天,3天/周,13个月,脉络大数据-MeDomino,Python
爬虫实习生,3天前,上海,100-120/天,3天/周,4个月,海尔,Python
实习软件研发工程师 - QuaIity Manage,1月前,北京,200-250/天,4天/周,1个月,Cadence,Python
Python开发工程师实习生岗,5月前,西安,50-100/天,3天/周,12个月,智乐科技,Python
Python算法工程师实习生,2月前,北京,100-200/天,3天/周,10个月,小理助理,Python
数据建模实习生,6天前,北京,100-150/天,3天/周,5个月,申请方,Python
数据挖掘工程师（2019届校招岗位）,1小时前,广州,100-150/天,4天/周,9个月,火烈鸟网络,Python
数据分析,5小时前,武汉,80-150/天,4天/周,5个月,同人传媒,Python
全栈工程师,3天前,北京,200-397/天,5天/周,3个月,慧安金科,Python
金融数据开发,5天前,"北京,上海",150-200/天,5天/周,13个月,量子金服,Python
百度QA实习工程师,5天前,北京,200-250/天,4天/周,4个月,百度,Python
python（信息安全漏洞  实习）,6天前,北京,200-250/天,4天/周,7个月,启明星辰,软件
后台开发实习生-懂车帝,6天前,北京,300-400/天,5天/周,9个月,懂车帝,Python
Python开发实习生,1周前,北京,200-250/天,5天/周,5个月,京东金融,Python
Python 开发工程师 （实习生）,1周前,北京,150-200/天,4天/周,6个月,瞬联软件,Python
爬虫实习生,1周前,北京,150-200/天,4天/周,5个月,猎聘网,Python
后端开发实习生,1周前,北京,200-250/天,5天/周,7个月,币世界,Python
Python开发实习生-百度视频,2周前,北京,200-250/天,5天/周,5个月,小度互娱,Python
技术美术工程师实习生(友塔游戏2019校招),3周前,上海,150-200/天,5天/周,2个月,友塔游戏,Python
软件开发工程师岗-Python开发实习生,3周前,北京,200-250/天,5天/周,3个月,京东金融,Python
python开发实习生(000843),3周前,北京,150-200/天,4天/周,4个月,360企业安全,Python
Python后端开发实习生,3周前,北京,200-250/天,4天/周,4个月,搜狗,Python
Python后端开发实习生,3周前,北京,200-250/天,4天/周,4个月,搜狗,Python
校招-数据研发工程师 (MJ000194),1月前,"北京,上海",250-300/天,5天/周,4个月,推想科技,Python
校招-后端开发工程师 (MJ000189),1月前,"北京,上海",250-300/天,4天/周,9个月,推想科技,Python
Python研发实习生（百度学术）,1周前,北京,200-250/天,4天/周,8个月,百度,Python
2019校招-云计算开发工程师,2周前,成都,100-150/天,5天/周,12个月,德拓,Python
"云计算开发实习生(Python,PHP,JavaScript)",2月前,上海,200-250/天,5天/周,13个月,哔哩哔哩,云计算/大数据
量化Python实习生,1周前,北京,150-200/天,4天/周,6个月,同道金融,Python
金融数据量化分析实习生,54分钟前,深圳,150-200/天,5天/周,9个月,富途,Python
物联网安全分析C/Python研发人员实习生,1周前,北京,100-150/天,5天/周,8个月,中科院信工所,Python
Python开发工程师(校招),1周前,上海,250-300/天,4天/周,9个月,达观数据,Python
语音识别实习生,5天前,北京,200-300/天,5天/周,6个月,海天瑞声,Python
大数据开发实习生intern（python）,4月前,北京,1-2/天,5天/周,18个月,核淘租房,数据库
python后端开发实习生,1周前,北京,200-250/天,4天/周,4个月,搜狗,Python
python开发实习,11月前,上海,200-300/天,5天/周,3个月,再惠,Python
大数据实习生（Python）,3天前,广州,110-120/天,3天/周,5个月,广发证券,Python
服务器开发实习生,3天前,北京,330-630/天,4天/周,6个月,来也网络,Python
Python开发工程师,1月前,广州,100-150/天,5天/周,11个月,网跃游戏,Python
Python实习生,4天前,上海,150-200/天,5天/周,4个月,资证魔方,Python
Python实习工程师,3月前,杭州,100-200/天,5天/周,4个月,派对家,Python
python开发,1周前,上海,170-300/天,4天/周,7个月,瞬联软件,Python
数据采集实习生(Python),6天前,上海,100-150/天,4天/周,6个月,PHIIC,Python
python开发工程师,2月前,深圳,70-101/天,5天/周,10个月,览众科技,Python
Python后台开发工程师实习生,3天前,广州,150-200/天,5天/周,4个月,元游信息,Python
后台开发实习生,6天前,上海,250-300/天,3天/周,4个月,薇仕网络,Python
Python/数据实习生,2天前,北京,300-600/天,5天/周,3个月,cIoudin云英,Python
服务器后端开发工程师,7天前,广州,150-300/天,3天/周,6个月,触宝,Python
python前端技术实习生,1月前,杭州,100-200/天,5天/周,4个月,派对家,前端
涵德投资Python开发实习生,1周前,北京,100-200/天,3天/周,5个月,中智,Python
游戏服务器开发工程师（校招）,2月前,北京,面议,5天/周,4个月,乐元素,Python
爬虫工程师（实习生）,1月前,深圳,150-200/天,5天/周,6个月,中安信业,Python
TechnicaI Data AnaIyst大数据技术分析,2月前,上海,250-300/天,4天/周,11个月,CIavis Insight,Python
Python开发工程师（实习生）,2月前,南京,100-150/天,4天/周,10个月,土拨鼠,Python
网站后端Python开发实习生,29小时前,上海,100-150/天,3天/周,7个月,数行科技,Python
Python开发实习生（2018届）,7月前,杭州,100-200/天,5天/周,3个月,同花顺,Python
Python实习生,3周前,深圳,120-200/天,5天/周,13个月,荔枝微课,Python
信息安全实习生（2018届）,6月前,杭州,100-200/天,5天/周,3个月,同花顺,Python
抖音后端Python开发实习生-短视频方向,4天前,上海,399-400/天,4天/周,6个月,字节跳动,Python
python研发实习生（商业变现）,4月前,北京,400-401/天,3天/周,4个月,今日头条,Python
python工程师,2小时前,北京,110-190/天,5天/周,6个月,普天技术,Python
金融工程实习生,2天前,上海,面议,4天/周,4个月,东吴金科,Python
后端开发实习生,3天前,北京,330-630/天,4天/周,6个月,来也网络,Python
Python数据分析师,4天前,上海,200-250/天,5天/周,7个月,言科数据,Python
机器翻译算法实习生,4天前,北京,200-250/天,5天/周,6个月,小米,Python
Python开发工程师(校招）,4天前,上海,360-500/天,5天/周,5个月,名片全能王,其他类型
自然语言处理实习生,5天前,北京,200-201/天,4天/周,3个月,神州医疗,Python
创新软件开发实习生,5天前,南京,250-300/天,4天/周,7个月,SAP,Python
开发测试实习工程师,5天前,北京,150-200/天,4天/周,5个月,百度,Python
Python工程师实习生,6天前,广州,130-260/天,5天/周,4个月,Datastory数说故事,Python
python开发,6天前,上海,200-250/天,3天/周,9个月,顽岩资产,Python
内部python工具开发测试实习工程师,6天前,杭州,120-160/天,4天/周,8个月,Nokia,Python
Pyton开发工程师,6天前,杭州,150-200/天,5天/周,6个月,智君科技,Python
python实习生,7天前,北京,100-150/天,5天/周,4个月,新浪网,Python
前端开发实习生,7天前,北京,130-200/天,5天/周,3个月,豆瓣网,Python
Python工程师实习生-工程部,7天前,北京,150-200/天,5天/周,9个月,数据堂,Python
Java/Python/C++/GoIang工程师-2019年毕业,1周前,北京,300-400/天,3天/周,4个月,Opera,Java
AI Lab-Python后台开发实习生,1周前,北京,180-280/天,4天/周,4个月,好未来,Python
Python开发工程师实习生,1周前,南京,130-170/天,5天/周,7个月,美库尔,软件
量化算法实习生,1周前,北京,200-201/天,4天/周,3个月,创新工场,Python
python研发实习工程师,1周前,北京,150-200/天,4天/周,8个月,百度,Python
Python实习生,1周前,北京,150-200/天,4天/周,4个月,搜狐媒体,Python
web后台开发实习生,1周前,杭州,150-200/天,4天/周,9个月,网易游戏,Python
python工程师实习生,1周前,武汉,100-120/天,4天/周,2个月,极验验证,Python
产品开发实习生（2019年毕业生优先）,1周前,北京,130-200/天,3天/周,3个月,豆瓣网,Python
Python工程师实习生,2周前,深圳,150-200/天,4天/周,8个月,华润置地,Python
Python开发实习生,2周前,北京,300-400/天,4天/周,12个月,iHandy,Python
服务器开发实习生/后端开发实习生,2周前,北京,300-400/天,4天/周,12个月,iHandy,Python
Python工程师实习生,2周前,北京,150-300/天,5天/周,15个月,00DATA,Python
"嵌入式软件测试实习生(C, Python)",4周前,南京,200-201/天,4天/周,7个月,凯易讯,测试
Python开发实习（2019）,1月前,上海,200-250/天,5天/周,14个月,携程旅行,软件
后台开发实习生（2019）,1月前,上海,200-250/天,3天/周,14个月,携程旅行,Python
Python老师,1月前,全国,100-150/天,5天/周,6个月,傲梦编程教育,Python
前端后端技术实习生,4月前,北京,40-50/天,5天/周,15个月,财税智库,Python
清华大学机器学习实习生和保研生,4月前,深圳,面议,5天/周,24个月,清华深研院,Python
后端开发实习生（Python/Node.js）,5月前,北京,4-7/天,5天/周,4个月,区块科技,Python
开发实习生,8月前,"北京,武汉",150-200/天,5天/周,15个月,光环有云,Python
